用户ID,昵称,性别,年龄,地区,注册时间,简介
8561321139,圆号宣传军乐队,nv,-2209017600000,0,1684022100678,
用户ID,昵称,性别,年龄,地区,注册时间,简介
476022006,闪现_ExdB,nv,959270400000,370000,1493444425223,
用户ID,昵称,性别,年龄,地区,注册时间,简介
8128676215,小少年1127,nv,-2209017600000,0,1668751234629,
用户ID,昵称,性别,年龄,地区,注册时间,简介
331289888,sleeptightofmy-__,nv,-2209017600000,1000000,1473588777427,
用户ID,昵称,性别,年龄,地区,注册时间,简介
1379042884,挖掘机-007,nv,1031846400000,500000,1519273129012,
用户ID,昵称,性别,年龄,地区,注册时间,简介
505615050,风吹裤衩凉飕飕i,nv,1046367244000,350000,1497190812254,
用户ID,昵称,性别,年龄,地区,注册时间,简介
124077047,下次就有经验了,nv,-2209017600000,330000,1452872023581,
用户ID,昵称,性别,年龄,地区,注册时间,简介
5181089393,自西卡,nv,-2209017600000,0,1631522339593,
用户ID,昵称,性别,年龄,地区,注册时间,简介
4992522765,森格尔音乐之家,nv,-2209017600000,500000,1619860066322,
用户ID,昵称,性别,年龄,地区,注册时间,简介
8538229132,随便_i7h3,nv,1204459474327,130000,1684065576060,
用户ID,昵称,性别,年龄,地区,注册时间,简介
2076392535,伤心宝宝雪o,nv,-2209017600000,0,-1,
用户ID,昵称,性别,年龄,地区,注册时间,简介
1926799104,真的是脏渔歌,nv,-2209017600000,0,1564649260190,
用户ID,昵称,性别,年龄,地区,注册时间,简介
7964946636,周杰伦真粉,nv,-2209017600000,350000,1658991072605,
用户ID,昵称,性别,年龄,地区,注册时间,简介
3374707405,失落总会消散,nv,1130349942740,350000,1592590070576,
用户ID,昵称,性别,年龄,地区,注册时间,简介
3988734187,一切皆天意y,nv,1188403437167,530000,1606579095013,
用户ID,昵称,性别,年龄,地区,注册时间,简介
305041447,洋洋同学ll,nv,-2209017600000,110000,1468680279560,
用户ID,昵称,性别,年龄,地区,注册时间,简介
1333467444,王延允,nv,-2209017600000,0,-1,
用户ID,昵称,性别,年龄,地区,注册时间,简介
3413092787,你说的那些还算吗,nv,1190796864000,130000,1594692336061,
用户ID,昵称,性别,年龄,地区,注册时间,简介
302426691,灵的犀,nv,874857600000,330000,1468166151100,
用户ID,昵称,性别,年龄,地区,注册时间,简介
1599174616,CvemiY9_teiv,nv,-2209017600000,0,-1,
用户ID,昵称,性别,年龄,地区,注册时间,简介
571797697,又饿了大王--,nv,-2209017600000,0,-1,
用户ID,昵称,性别,年龄,地区,注册时间,简介
6272095206,月下繚亂KK,nv,-2209017600000,330000,1634434002315,
用户ID,昵称,性别,年龄,地区,注册时间,简介
1375338277,悲伤辣椒炒肉丝,nv,1091631901000,430000,1518878903879,
用户ID,昵称,性别,年龄,地区,注册时间,简介
8573531698,江沉晚吟时-A,nv,-2209017600000,0,1684652578855,
用户ID,昵称,性别,年龄,地区,注册时间,简介
3919820889,mmmmppo_,nv,631173642240,1000000,1601616166872,
用户ID,昵称,性别,年龄,地区,注册时间,简介
402142438,阿研_LL,nv,-2209017600000,0,1484505305465,
用户ID,昵称,性别,年龄,地区,注册时间,简介
642483326,Morantes,nv,-2209017600000,0,-1,
用户ID,昵称,性别,年龄,地区,注册时间,简介
8349362079,海棠a--,nv,-2209017600000,440000,1675329007184,
用户ID,昵称,性别,年龄,地区,注册时间,简介
7980211419,不再堕落_Uxhk,nv,1735890558679,1000000,1659955484692,
用户ID,昵称,性别,年龄,地区,注册时间,简介
76325095,晶晶蓝,nv,-2209017600000,460000,1435041636386,
用户ID,昵称,性别,年龄,地区,注册时间,简介
472524334,又萌又帅的阿莹,nv,-2209017600000,0,1492925283368,
用户ID,昵称,性别,年龄,地区,注册时间,简介
4900909503,执念5439,nv,-2209017600000,360000,1613577180458,
用户ID,昵称,性别,年龄,地区,注册时间,简介
1780180302,小果波波冰,nv,-2209017600000,1000000,1559831853894,
用户ID,昵称,性别,年龄,地区,注册时间,简介
1686409851,执笔描轻纱,nv,1088092800000,130000,1543494294540,
用户ID,昵称,性别,年龄,地区,注册时间,简介
286785339,世界第一miku酱TNT,nv,-2209017600000,330000,1465104666040,
用户ID,昵称,性别,年龄,地区,注册时间,简介
340774029,G-964,nv,928437459524,330000,1475370607514,
用户ID,昵称,性别,年龄,地区,注册时间,简介
4889966663,糖水泡露露,nv,1156176000000,350000,1646507253960,
用户ID,昵称,性别,年龄,地区,注册时间,简介
6440962982,七零麟,nv,-2209017600000,430000,1644821547328,
用户ID,昵称,性别,年龄,地区,注册时间,简介
1660321986,ilovesick,nv,-2209017600000,0,-1,
用户ID,昵称,性别,年龄,地区,注册时间,简介
8573419023,桂花香_7307,nv,-2209017600000,0,1684650999603,
用户ID,昵称,性别,年龄,地区,注册时间,简介
8092991032,云村村民166704934564917,nv,-2209017600000,0,1667049348415,
用户ID,昵称,性别,年龄,地区,注册时间,简介
3411960264,disappear31,nv,1238428800000,110000,1594616433333,
用户ID,昵称,性别,年龄,地区,注册时间,简介
8573245758,难忘前任,nv,-2209017600000,0,1684644736282,
用户ID,昵称,性别,年龄,地区,注册时间,简介
45455727,Xlliott_c,nv,-2209017600000,0,-1,
用户ID,昵称,性别,年龄,地区,注册时间,简介
6481863398,humor00-,nv,1212123719022,1000000,1647674050016,
用户ID,昵称,性别,年龄,地区,注册时间,简介
8570598860,灰眠夜,nv,-2209017600000,0,1684537871292,
用户ID,昵称,性别,年龄,地区,注册时间,简介
299500018,puhaotian,nv,-16503552343000,310000,1467601685600,
用户ID,昵称,性别,年龄,地区,注册时间,简介
8214745424,W9222,nv,-2209017600000,210000,1671954602815,
用户ID,昵称,性别,年龄,地区,注册时间,简介
2081310455,沉鱼不等落雁,nv,1162396800000,0,-1,
用户ID,昵称,性别,年龄,地区,注册时间,简介
1719927842,北冥有you,nv,1075453811000,410000,1561887351921,
用户ID,昵称,性别,年龄,地区,注册时间,简介
8572011757,_落日餘暉,nv,1255262079027,130000,1684583270078,
用户ID,昵称,性别,年龄,地区,注册时间,简介
4876607946,邹邹zo,nv,1211985853256,420000,1640961661763,
用户ID,昵称,性别,年龄,地区,注册时间,简介
1365438149,HYPING_,nv,-2209017600000,0,-1,
用户ID,昵称,性别,年龄,地区,注册时间,简介
8380628998,陈醋腌吸酱,nv,1273046596131,1000000,1678439291843,
用户ID,昵称,性别,年龄,地区,注册时间,简介
8181952664,晚霞与梦幻,nv,960819363071,410000,1670854410739,
用户ID,昵称,性别,年龄,地区,注册时间,简介
1455569098,深夜听歌的梦,nv,1001260800000,140000,1526114405386,
用户ID,昵称,性别,年龄,地区,注册时间,简介
1504594454,08ncser,nv,-2209017600000,1000000,1530270465424,
用户ID,昵称,性别,年龄,地区,注册时间,简介
92832086,爱的很古典,nv,-2209017600000,320000,1442579209920,
用户ID,昵称,性别,年龄,地区,注册时间,简介
5063718439,eexclusivee,nv,-2209017600000,0,-1,
用户ID,昵称,性别,年龄,地区,注册时间,简介
1389520035,DoyourSailorMoon,nv,1067788800000,440000,1520168897336,
用户ID,昵称,性别,年龄,地区,注册时间,简介
425444599,otkax003,nv,-2209017600000,650000,1487671236677,
用户ID,昵称,性别,年龄,地区,注册时间,简介
1446057045,郭彦汐1808,nv,-2209017600000,140000,1534381272233,
用户ID,昵称,性别,年龄,地区,注册时间,简介
6468043277,薄荷与糖糖_,nv,-2209017600000,0,-1,
用户ID,昵称,性别,年龄,地区,注册时间,简介
6351516433,问薪吾溃啊,nv,-2209017600000,110000,1639613488354,
用户ID,昵称,性别,年龄,地区,注册时间,简介
4033514805,限量浪漫-,nv,991558311100,530000,1609836546731,
用户ID,昵称,性别,年龄,地区,注册时间,简介
3253735490,smile3024,nv,-2209017600000,0,-1,
用户ID,昵称,性别,年龄,地区,注册时间,简介
291598086,BRUISE潘岩,nv,759340800000,420000,1466389664579,
用户ID,昵称,性别,年龄,地区,注册时间,简介
277862035,伴你至永久,nv,953913600000,340000,1463240784279,
用户ID,昵称,性别,年龄,地区,注册时间,简介
8464948012,小狗也会shy,nv,-2209017600000,0,-1,
用户ID,昵称,性别,年龄,地区,注册时间,简介
7912343696,w雾jing,nv,1187575838448,610000,1655796437599,
用户ID,昵称,性别,年龄,地区,注册时间,简介
376964910,-----Banana,nv,-2209017600000,350000,1481548944463,
用户ID,昵称,性别,年龄,地区,注册时间,简介
3576471875,一只土苟,nv,-2209017600000,0,-1,
用户ID,昵称,性别,年龄,地区,注册时间,简介
1837871666,一只米花怪兽,nv,-2209017600000,0,-1,
用户ID,昵称,性别,年龄,地区,注册时间,简介
8340888788,一份烧烤谢谢,nv,-2209017600000,130000,1675220774890,
用户ID,昵称,性别,年龄,地区,注册时间,简介
6376264166,三分钟入睡-_-,nv,1229779469137,650000,1641041063802,
用户ID,昵称,性别,年龄,地区,注册时间,简介
1338715670,名字九个字-不信你数,nv,1028649600000,210000,1515713594883,
用户ID,昵称,性别,年龄,地区,注册时间,简介
613704282,有杀气呀,nv,1097018565046,650000,1539728680481,
用户ID,昵称,性别,年龄,地区,注册时间,简介
8469558892,云村村民167966453616221,nv,-2209017600000,500000,1679664539151,
用户ID,昵称,性别,年龄,地区,注册时间,简介
3944590009,t1ngklieoptinncye,nv,1142352073000,710000,1603291319778,
用户ID,昵称,性别,年龄,地区,注册时间,简介
352832785,我的运气每天上上签,nv,-2209017600000,0,-1,
用户ID,昵称,性别,年龄,地区,注册时间,简介
8498709566,云村村民168110078325876,nv,-2209017600000,460000,1681100786057,
用户ID,昵称,性别,年龄,地区,注册时间,简介
3357882606,在不在不在_wkKT,nv,-2209017600000,620000,1592120676618,
用户ID,昵称,性别,年龄,地区,注册时间,简介
3587617923,应急食物派蒙,nv,-2209017600000,0,-1,
用户ID,昵称,性别,年龄,地区,注册时间,简介
1674587293,一点_OXwA,nv,-2209017600000,450000,1542433659126,
用户ID,昵称,性别,年龄,地区,注册时间,简介
1943839215,Mrkeveninhere,nv,-2209017600000,0,-1,
用户ID,昵称,性别,年龄,地区,注册时间,简介
7804162982,无名者0413,nv,-2209017600000,0,-1,
用户ID,昵称,性别,年龄,地区,注册时间,简介
279755049,马SADO,nv,885571200000,650000,1463718545878,
用户ID,昵称,性别,年龄,地区,注册时间,简介
1629887606,旁观者0p,nv,-2209017600000,0,-1,
用户ID,昵称,性别,年龄,地区,注册时间,简介
8571895009,听海_的_呼唤,nv,-2209017600000,0,1684581121547,
用户ID,昵称,性别,年龄,地区,注册时间,简介
125274563,迟迟不想动,nv,-2209017600000,370000,1453183211655,
用户ID,昵称,性别,年龄,地区,注册时间,简介
131069647,予墨息耒,nv,-2209017600000,0,1454545885017,
用户ID,昵称,性别,年龄,地区,注册时间,简介
89654459,上品竹网银鱼,nv,-2209017600000,0,1465652725434,
用户ID,昵称,性别,年龄,地区,注册时间,简介
3366503721,ForForever-Aning,nv,634365248337,510000,1591979575822,
用户ID,昵称,性别,年龄,地区,注册时间,简介
8113396823,云村村民166800816321010,nv,-2209017600000,0,1668008165170,
用户ID,昵称,性别,年龄,地区,注册时间,简介
1772587985,墨屿_Dysx,nv,-2209017600000,530000,1550857596393,
用户ID,昵称,性别,年龄,地区,注册时间,简介
8537820592,沈佳云_,nv,-2209017600000,330000,1682853398671,
用户ID,昵称,性别,年龄,地区,注册时间,简介
294570480,liluum,nv,-2209017600000,0,-1,
用户ID,昵称,性别,年龄,地区,注册时间,简介
106915547,夏草_,nv,-2209017600000,0,1448107773049,
用户ID,昵称,性别,年龄,地区,注册时间,简介
3369095429,易束花开始,nv,-2209017600000,0,-1,
用户ID,昵称,性别,年龄,地区,注册时间,简介
5068475016,讨厌香菜__AuUG,nv,-2209017600000,0,1665322576943,
用户ID,昵称,性别,年龄,地区,注册时间,简介
89654459,上品竹网银鱼,nv,-2209017600000,0,1465652725434,
用户ID,昵称,性别,年龄,地区,注册时间,简介
3366503721,ForForever-Aning,nv,634365248337,510000,1591979575822,
用户ID,昵称,性别,年龄,地区,注册时间,简介
8113396823,云村村民166800816321010,nv,-2209017600000,0,1668008165170,
用户ID,昵称,性别,年龄,地区,注册时间,简介
1772587985,墨屿_Dysx,nv,-2209017600000,530000,1550857596393,
用户ID,昵称,性别,年龄,地区,注册时间,简介
8537820592,沈佳云_,nv,-2209017600000,330000,1682853398671,
用户ID,昵称,性别,年龄,地区,注册时间,简介
294570480,liluum,nv,-2209017600000,0,-1,
用户ID,昵称,性别,年龄,地区,注册时间,简介
106915547,夏草_,nv,-2209017600000,0,1448107773049,
用户ID,昵称,性别,年龄,地区,注册时间,简介
3369095429,易束花开始,nv,-2209017600000,0,-1,
用户ID,昵称,性别,年龄,地区,注册时间,简介
5068475016,讨厌香菜__AuUG,nv,-2209017600000,0,1665322576943,
用户ID,昵称,性别,年龄,地区,注册时间,简介
2105469738,Bakbelgan,nv,1094573409039,650000,1578554327405,
用户ID,昵称,性别,年龄,地区,注册时间,简介
7871030239,星辰风之子,nv,1292754908708,1000000,1653311682274,
用户ID,昵称,性别,年龄,地区,注册时间,简介
629185064,赖弟lady,nv,1132329600000,0,1509105953238,
用户ID,昵称,性别,年龄,地区,注册时间,简介
7817385071,xt_kinky7,nv,-2209017600000,370000,1650532978186,
用户ID,昵称,性别,年龄,地区,注册时间,简介
8573220111,八重寂子,nv,-2209017600000,0,1684645916967,
用户ID,昵称,性别,年龄,地区,注册时间,简介
8433642005,环族也,nv,-2209017600000,440000,1684645748294,
用户ID,昵称,性别,年龄,地区,注册时间,简介
8440241762,q木辛,nv,-2209017600000,0,1680587602435,
用户ID,昵称,性别,年龄,地区,注册时间,简介
8125565606,无名_年龄随便填,nv,-2209017600000,440000,1668592656032,
用户ID,昵称,性别,年龄,地区,注册时间,简介
5161340545,爱吃皮不吐葡萄,nv,-2209017600000,0,1630232887328,
用户ID,昵称,性别,年龄,地区,注册时间,简介
512746916,Catnap1,nv,-2209017600000,210000,1498030246619,
用户ID,昵称,性别,年龄,地区,注册时间,简介
8445677047,杨美杰_,nv,-2209017600000,410000,1678592245053,
用户ID,昵称,性别,年龄,地区,注册时间,简介
1759042170,7rhh,nv,-2209017600000,0,-1,
用户ID,昵称,性别,年龄,地区,注册时间,简介
117086515,薏佳,nv,-2209017600000,350000,1451114798676,
用户ID,昵称,性别,年龄,地区,注册时间,简介
1377149395,FanZi_808,nv,-1577884443528,320000,1519083774108,
用户ID,昵称,性别,年龄,地区,注册时间,简介
8573170320,zhichiiin,nv,-2209017600000,0,1684644331662,
用户ID,昵称,性别,年龄,地区,注册时间,简介
8078386599,欣灵电气_XF,nv,-2209017600000,110000,1666246783531,
用户ID,昵称,性别,年龄,地区,注册时间,简介
8501283316,charliepuxi,nv,-2209017600000,110000,1684643736109,
用户ID,昵称,性别,年龄,地区,注册时间,简介
1706025049,Abigailzy2201,nv,1227888000000,330000,1643513775546,
用户ID,昵称,性别,年龄,地区,注册时间,简介
3273856375,a萨拉木y,nv,1021732541327,650000,1586958654111,
用户ID,昵称,性别,年龄,地区,注册时间,简介
415995437,SARAHYIXUAN,nv,1158890011093,410000,1497861520528,
用户ID,昵称,性别,年龄,地区,注册时间,简介
136440899,好想插嘴,nv,1051237507390,320000,1455935077934,
用户ID,昵称,性别,年龄,地区,注册时间,简介
7899386372,鱼唐_3NWv,nv,1684644726249,530000,1655004310118,
用户ID,昵称,性别,年龄,地区,注册时间,简介
1666980570,1不困7,nv,1145376000000,130000,1541764117366,
用户ID,昵称,性别,年龄,地区,注册时间,简介
7965066064,陈浅凡,nv,1253462400000,350000,1658998254327,
用户ID,昵称,性别,年龄,地区,注册时间,简介
501567925,虚晃同学,nv,-2209017600000,320000,1496753276358,
用户ID,昵称,性别,年龄,地区,注册时间,简介
1735012649,不知名毛囊,nv,-2209017600000,0,1547611883529,
用户ID,昵称,性别,年龄,地区,注册时间,简介
8560325741,翻斗花渊,nv,954497251629,0,1683971931976,
用户ID,昵称,性别,年龄,地区,注册时间,简介
444773146,叫我小卷-,nv,-2209017600000,0,-1,
用户ID,昵称,性别,年龄,地区,注册时间,简介
1854465335,北巷_NAfe,nv,1184808914808,1000000,1557986415069,
用户ID,昵称,性别,年龄,地区,注册时间,简介
8129702163,伱的凯,nv,-2209017600000,0,1668788101492,
用户ID,昵称,性别,年龄,地区,注册时间,简介
262609512,张扬洛晨,nv,776361600000,500000,1459849566212,
用户ID,昵称,性别,年龄,地区,注册时间,简介
7923842699,云村村民165652057335073,nv,968507526797,440000,1656520575945,
用户ID,昵称,性别,年龄,地区,注册时间,简介
1754846378,勉Zz,nv,982899051000,130000,1549294947424,
用户ID,昵称,性别,年龄,地区,注册时间,简介
91631517,觉啓,nv,-2209017600000,320000,1442077055585,
用户ID,昵称,性别,年龄,地区,注册时间,简介
8222853278,海棠烛htz,nv,1672502400000,370000,1672189483144,
用户ID,昵称,性别,年龄,地区,注册时间,简介
84844071,拖延症的西瓜,nv,846950400000,330000,1439009403725,
用户ID,昵称,性别,年龄,地区,注册时间,简介
363076354,T1Hh,nv,1211990400000,420000,1479309331224,
用户ID,昵称,性别,年龄,地区,注册时间,简介
8397895888,aaaaa煎饼狗子,nv,-2209017600000,520000,1676712138119,
用户ID,昵称,性别,年龄,地区,注册时间,简介
6290516446,启星y,nv,-2209017600000,650000,1641698065734,
用户ID,昵称,性别,年龄,地区,注册时间,简介
7943892525,TheFifthSpring,nv,-2209017600000,0,1657714330465,
用户ID,昵称,性别,年龄,地区,注册时间,简介
7883708132,用户7883708132,nv,-2209017600000,0,1654178594765,
用户ID,昵称,性别,年龄,地区,注册时间,简介
1467009034,韶关有无嗯1,nv,946734091478,440000,1527196812467,
用户ID,昵称,性别,年龄,地区,注册时间,简介
8098053174,人尔_女子_,nv,1283097600000,110000,1667309304098,
用户ID,昵称,性别,年龄,地区,注册时间,简介
8105635470,Kiss优优嘛,nv,-2209017600000,0,1670032876061,
用户ID,昵称,性别,年龄,地区,注册时间,简介
505931063,LX-所念皆星河,nv,1189917218766,650000,1497242928711,
用户ID,昵称,性别,年龄,地区,注册时间,简介
5140572089,Jay-魔杰-wyf,nv,1167235200000,340000,1666261674473,
用户ID,昵称,性别,年龄,地区,注册时间,简介
7797831397,Q-Love_you_forever,nv,-2209017600000,1000000,-1,
用户ID,昵称,性别,年龄,地区,注册时间,简介
8537855717,栖迟_ta,nv,-2209017600000,0,1682983557354,
用户ID,昵称,性别,年龄,地区,注册时间,简介
8539282915,心有连江,nv,-2209017600000,0,1682913964650,
用户ID,昵称,性别,年龄,地区,注册时间,简介
8533730117,EX川遇,nv,-2209017600000,0,1682736298712,
用户ID,昵称,性别,年龄,地区,注册时间,简介
1542629926,Misty_Isle,nv,-2209017600000,320000,1533700242463,
用户ID,昵称,性别,年龄,地区,注册时间,简介
8572829022,倩倩877642055,nv,1098410673425,0,1684632626178,
用户ID,昵称,性别,年龄,地区,注册时间,简介
4920327930,無愛_fan,nv,1111216469000,0,1614955975008,
用户ID,昵称,性别,年龄,地区,注册时间,简介
6272569880,是白来啊,nv,1070726400000,350000,1634463593477,
用户ID,昵称,性别,年龄,地区,注册时间,简介
6386867823,海_TQH,nv,1215775142498,440000,1642724991743,
用户ID,昵称,性别,年龄,地区,注册时间,简介
6370684288,用户6370684288,nv,-2209017600000,460000,1640674741888,
用户ID,昵称,性别,年龄,地区,注册时间,简介
42682052,MsCCzzzzz,nv,-2209017600000,1000000,1416193314718,
用户ID,昵称,性别,年龄,地区,注册时间,简介
2134347192,EKenjoy,nv,-2209017600000,330000,1580625185996,
用户ID,昵称,性别,年龄,地区,注册时间,简介
6349568652,本宇宙最牛超级无敌究极升天绣虎,nv,1104508800000,310000,1639235282084,
用户ID,昵称,性别,年龄,地区,注册时间,简介
3266658610,失联人口-,nv,-2209017600000,0,-1,
用户ID,昵称,性别,年龄,地区,注册时间,简介
1847680688,情寂廖,nv,-2209017600000,0,-1,
用户ID,昵称,性别,年龄,地区,注册时间,简介
3250822622,牙痛滚出地球,nv,-2209017600000,0,-1,
用户ID,昵称,性别,年龄,地区,注册时间,简介
252488407,MAWLAX,nv,731820068132,650000,1457742263455,
用户ID,昵称,性别,年龄,地区,注册时间,简介
8168241197,Sister_eycd,nv,-2209017600000,0,1670393808117,
用户ID,昵称,性别,年龄,地区,注册时间,简介
8534598968,嘿嘿_CzAN,nv,-2209017600000,0,1682755941945,
用户ID,昵称,性别,年龄,地区,注册时间,简介
3974446508,再无热晴,nv,959217479408,320000,1605428352683,
用户ID,昵称,性别,年龄,地区,注册时间,简介
8427757582,三玖芡七,nv,-2209017600000,0,1677853332583,
用户ID,昵称,性别,年龄,地区,注册时间,简介
8549528087,智商欠费不死也废啊,nv,1249386170000,0,1683384383719,
用户ID,昵称,性别,年龄,地区,注册时间,简介
45156709,LOSIM,nv,-2209017600000,440000,1444660336610,
用户ID,昵称,性别,年龄,地区,注册时间,简介
7874898757,云村村民165357690327354,nv,-2209017600000,650000,1653576905749,
用户ID,昵称,性别,年龄,地区,注册时间,简介
8534927393,lq0x0pl,nv,1203004800000,230000,1682761511845,
用户ID,昵称,性别,年龄,地区,注册时间,简介
8573052895,烬明zmc,nv,-2209017600000,0,1684639175248,
用户ID,昵称,性别,年龄,地区,注册时间,简介
1339406542,iYHYS,nv,1071590400000,350000,1515759273958,
用户ID,昵称,性别,年龄,地区,注册时间,简介
7922596101,深情521号,nv,-2209017600000,0,-1,
用户ID,昵称,性别,年龄,地区,注册时间,简介
3393507710,逢别久识,nv,-2209017600000,410000,1594176647463,
用户ID,昵称,性别,年龄,地区,注册时间,简介
3236407637,生活有惊有喜,nv,-2209017600000,370000,1668545142969,
用户ID,昵称,性别,年龄,地区,注册时间,简介
329234630,呈沉-,nv,1096247297815,500000,1473151581059,
用户ID,昵称,性别,年龄,地区,注册时间,简介
505432782,两弎千,nv,-2209017600000,340000,1497180723297,
用户ID,昵称,性别,年龄,地区,注册时间,简介
8304314554,云村村民167422211749336,nv,-2209017600000,0,1674222120128,
用户ID,昵称,性别,年龄,地区,注册时间,简介
8043982486,持温柔寻枪,nv,1245513600000,0,1664280896101,
用户ID,昵称,性别,年龄,地区,注册时间,简介
8182720126,-雨_停_了-,nv,-2209017600000,0,-1,
用户ID,昵称,性别,年龄,地区,注册时间,简介
8558834310,依法止痛,nv,1154022933244,140000,1683913795904,
用户ID,昵称,性别,年龄,地区,注册时间,简介
8540027763,无爱谢_谢,nv,-2209017600000,1000000,1682929686690,
用户ID,昵称,性别,年龄,地区,注册时间,简介
3229753093,云村村民165952578441894,nv,-2209017600000,0,1659525796800,
用户ID,昵称,性别,年龄,地区,注册时间,简介
625111702,再眯5分钟_,nv,1104758186406,440000,1508647875338,
用户ID,昵称,性别,年龄,地区,注册时间,简介
1840416952,A-377,nv,-2209017600000,220000,1556709786344,
用户ID,昵称,性别,年龄,地区,注册时间,简介
2071557471,王梓铭_WZM,nv,1002717692840,130000,1575982149195,
用户ID,昵称,性别,年龄,地区,注册时间,简介
6376002252,兰-亭-序,nv,-2209017600000,320000,1641032321949,
用户ID,昵称,性别,年龄,地区,注册时间,简介
1770807624,云村村民16846366833932,nv,-2209017600000,0,1684636685389,
用户ID,昵称,性别,年龄,地区,注册时间,简介
565484780,坤坤不想吃香菜,nv,888237060000,410000,1502598009468,
用户ID,昵称,性别,年龄,地区,注册时间,简介
3382935947,中二癌w,nv,-2209017600000,440000,1599303640330,
用户ID,昵称,性别,年龄,地区,注册时间,简介
3382935947,中二癌w,nv,-2209017600000,440000,1599303640330,
用户ID,昵称,性别,年龄,地区,注册时间,简介
7813278262,用户7813278262,nv,-2209017600000,440000,1656115662503,
用户ID,昵称,性别,年龄,地区,注册时间,简介
585397702,miraitowa--life,nv,1014532821034,640000,1504883540349,
用户ID,昵称,性别,年龄,地区,注册时间,简介
7930482482,1uvkkovo,nv,-2209017600000,510000,1684637276844,
用户ID,昵称,性别,年龄,地区,注册时间,简介
7799589705,00QEls,nv,-2209017600000,140000,1649048180157,
用户ID,昵称,性别,年龄,地区,注册时间,简介
325828417,-短发妹妹,nv,-2209017600000,0,1472477562877,
用户ID,昵称,性别,年龄,地区,注册时间,简介
6391354159,提总_Music,nv,1079180208000,650000,1642172310093,
用户ID,昵称,性别,年龄,地区,注册时间,简介
5144634526,ReXiDan-106,nv,1173492877500,650000,1629256634657,
用户ID,昵称,性别,年龄,地区,注册时间,简介
1576898130,我亲爱的医生,nv,4132626697458,1000000,1536383303819,
用户ID,昵称,性别,年龄,地区,注册时间,简介
6296943319,JY灬雪,nv,-2209017600000,0,1649944224010,
用户ID,昵称,性别,年龄,地区,注册时间,简介
7977556680,AKAWF悍匪0051,nv,-2209017600000,370000,1659784721462,
用户ID,昵称,性别,年龄,地区,注册时间,简介
61877390,由由0,nv,-2209017600000,110000,1433380186703,
用户ID,昵称,性别,年龄,地区,注册时间,简介
5037908858,小菜包_fly,nv,-2209017600000,0,1674036025382,
用户ID,昵称,性别,年龄,地区,注册时间,简介
8103005795,用户8103005795,nv,-2209017600000,1000000,1667554042352,
用户ID,昵称,性别,年龄,地区,注册时间,简介
8572784178,海浪不加冰,nv,-2209017600000,370000,1684635701417,
用户ID,昵称,性别,年龄,地区,注册时间,简介
486130906,Strelitzia_H,nv,-2209017600000,0,-1,
用户ID,昵称,性别,年龄,地区,注册时间,简介
3870176779,不留情-632,nv,1201881600000,410000,1598636221986,
用户ID,昵称,性别,年龄,地区,注册时间,简介
285180685,八八男,nv,766044936835,430000,1464780106467,
用户ID,昵称,性别,年龄,地区,注册时间,简介
4871785906,巫123679罗,nv,-2209017600000,440000,1611757526998,
用户ID,昵称,性别,年龄,地区,注册时间,简介
8016334251,羊-光-开-浪-打-难-海,nv,-1577952000000,1000000,1663378966776,
用户ID,昵称,性别,年龄,地区,注册时间,简介
8533683746,fikc森晚,nv,-2209017600000,0,1682733573873,
用户ID,昵称,性别,年龄,地区,注册时间,简介
8544541095,纯爱战士钱少Lp-a,nv,-2209017600000,0,-1,
用户ID,昵称,性别,年龄,地区,注册时间,简介
1442612655,胡渣大叔-呢,nv,1078452335000,140000,1524931339125,
用户ID,昵称,性别,年龄,地区,注册时间,简介
8483588559,小小欣_rose,nv,-2209017600000,370000,1680669467493,
用户ID,昵称,性别,年龄,地区,注册时间,简介
8499445154,t1839,nv,-2209017600000,510000,1680963580055,
用户ID,昵称,性别,年龄,地区,注册时间,简介
119628235,Evewaa,nv,-2209017600000,440000,1451737253090,
用户ID,昵称,性别,年龄,地区,注册时间,简介
6376858550,再且无人恰似我,nv,1244639537898,130000,1641089163680,
用户ID,昵称,性别,年龄,地区,注册时间,简介
8410007821,初夏chuxiaaaaaaaaaaaaaaaaa,nv,-2209017600000,530000,1678941544946,
用户ID,昵称,性别,年龄,地区,注册时间,简介
5139655413,拥护这秘密,nv,977241600000,0,1638584272198,
用户ID,昵称,性别,年龄,地区,注册时间,简介
6352623528,奶茶涨价,nv,965619521655,320000,1639421821440,
用户ID,昵称,性别,年龄,地区,注册时间,简介
417575214,一只小可妮兔,nv,-2209017600000,0,1486570594250,
用户ID,昵称,性别,年龄,地区,注册时间,简介
1683003302,琳温柔啊,nv,-2209017600000,350000,1543617802589,
用户ID,昵称,性别,年龄,地区,注册时间,简介
3884818787,云村村民168463473380151,nv,-2209017600000,0,1684634736415,
用户ID,昵称,性别,年龄,地区,注册时间,简介
1612731157,极盗dzjx,nv,1115828297269,510000,1538054206405,
用户ID,昵称,性别,年龄,地区,注册时间,简介
8572832736,fzh31,nv,-2209017600000,0,1684630851490,
用户ID,昵称,性别,年龄,地区,注册时间,简介
8572860919,若月秋枫,nv,-2209017600000,0,1684632558854,
用户ID,昵称,性别,年龄,地区,注册时间,简介
6377566961,难忘掉那年的初雪,nv,1145376000000,520000,1641116495818,
用户ID,昵称,性别,年龄,地区,注册时间,简介
274864480,再也不喜欢林宥嘉了,nv,772964913605,0,1462941767506,
用户ID,昵称,性别,年龄,地区,注册时间,简介
7965369170,灯泡_wLtI,nv,708227000591,0,1684632542182,
用户ID,昵称,性别,年龄,地区,注册时间,简介
8487312380,比安卡--幽兰黛尔,nv,-2209017600000,0,1680436815187,
用户ID,昵称,性别,年龄,地区,注册时间,简介
7963996681,怒放_tWFi,nv,-2209017600000,530000,1658921932360,
用户ID,昵称,性别,年龄,地区,注册时间,简介
1648521417,用户1648521417,nv,-2209017600000,440000,1540136532922,
用户ID,昵称,性别,年龄,地区,注册时间,简介
316457405,阿雾的彩色幻想,nv,1687412280000,360000,1470678532200,
用户ID,昵称,性别,年龄,地区,注册时间,简介
3386762570,王王王王继烨,nv,-2209017600000,640000,1593406667092,
用户ID,昵称,性别,年龄,地区,注册时间,简介
8572866735,夏天徳风,nv,-2209017600000,0,1684632038629,
用户ID,昵称,性别,年龄,地区,注册时间,简介
5208363508,g是个萌新,nv,-2209017600000,220000,1633179748837,
用户ID,昵称,性别,年龄,地区,注册时间,简介
6269763063,橙子211015,nv,-2209017600000,0,-1,
用户ID,昵称,性别,年龄,地区,注册时间,简介
558776208,李niuniu牛,nv,-2209017600000,0,1501827645972,
用户ID,昵称,性别,年龄,地区,注册时间,简介
8545431913,以泪起笔碎情之歌,nv,-2209017600000,0,1683127617920,
用户ID,昵称,性别,年龄,地区,注册时间,简介
1399128314,-Nitrate-,nv,1040918400000,330000,1521066954879,
用户ID,昵称,性别,年龄,地区,注册时间,简介
555294884,料峭--,nv,-2209017600000,410000,1501424703633,
用户ID,昵称,性别,年龄,地区,注册时间,简介
6348224789,是肖弟弟啊,nv,-2209017600000,0,1639185528589,
用户ID,昵称,性别,年龄,地区,注册时间,简介
7855154777,用户7855154777,nv,-2209017600000,0,1652442117832,
用户ID,昵称,性别,年龄,地区,注册时间,简介
568903359,阿毓_嗷,nv,-2209017600000,0,-1,
用户ID,昵称,性别,年龄,地区,注册时间,简介
2113279212,榨榨辉爱下蛋,nv,-2209017600000,410000,1610722494794,
用户ID,昵称,性别,年龄,地区,注册时间,简介
590995414,爱偷懒的小蛙,nv,1035043200000,320000,1505288709101,
用户ID,昵称,性别,年龄,地区,注册时间,简介
6279313249,eric951020,nv,1161273600000,710000,1635047817989,
用户ID,昵称,性别,年龄,地区,注册时间,简介
7808749647,Badlovski_Jack,nv,21571200000,230000,1649744577005,
用户ID,昵称,性别,年龄,地区,注册时间,简介
5119964146,冰也没她冷,nv,-2209017600000,0,-1,
用户ID,昵称,性别,年龄,地区,注册时间,简介
8219125763,吃菠萝的驴,nv,1197646627642,130000,1672063011930,
用户ID,昵称,性别,年龄,地区,注册时间,简介
3216559810,artist_ciUZ,nv,1225068574193,370000,1656809145680,
用户ID,昵称,性别,年龄,地区,注册时间,简介
7864408963,夏至梦梦,nv,-2209017600000,320000,1652963149998,
用户ID,昵称,性别,年龄,地区,注册时间,简介
262150234,乙型病棟Ver200,nv,-2209017600000,1000000,1459739828229,
用户ID,昵称,性别,年龄,地区,注册时间,简介
1359353255,早安_loveyourlife,nv,997372800000,370000,1548209068237,
用户ID,昵称,性别,年龄,地区,注册时间,简介
267038226,高温暖,nv,-2209017600000,1000000,1460852276289,
用户ID,昵称,性别,年龄,地区,注册时间,简介
578338723,熊铭硕,nv,544611349000,530000,1590037334586,
用户ID,昵称,性别,年龄,地区,注册时间,简介
254920632,卧蚕_叔叔,nv,-2209017600000,440000,1458229994268,
用户ID,昵称,性别,年龄,地区,注册时间,简介
68246890,借个火点首歌,nv,-2209017600000,130000,1445303127851,
用户ID,昵称,性别,年龄,地区,注册时间,简介
5143946252,我这有话梅,nv,-2209017600000,410000,1629200107157,
用户ID,昵称,性别,年龄,地区,注册时间,简介
7979078328,北昱枫柠,nv,-2209017600000,610000,1659881875093,
用户ID,昵称,性别,年龄,地区,注册时间,简介
1429436124,不眠水星记_qizF,nv,-2209017600000,440000,1523701679290,
用户ID,昵称,性别,年龄,地区,注册时间,简介
497251175,InvincibleCreator,nv,-2209017600000,440000,1496242977224,
用户ID,昵称,性别,年龄,地区,注册时间,简介
8125620684,难叙离别_L,nv,-2209017600000,0,1672899971397,
用户ID,昵称,性别,年龄,地区,注册时间,简介
496256453,莹莹想你啦_,nv,989836624000,330000,1496119926833,
用户ID,昵称,性别,年龄,地区,注册时间,简介
18126814,小香宝_,nv,-2209017600000,0,1405467779055,
用户ID,昵称,性别,年龄,地区,注册时间,简介
8061698210,幻听_UMXH,nv,-2209017600000,0,1665212541410,
用户ID,昵称,性别,年龄,地区,注册时间,简介
8461812197,云村村民16792673415297,nv,-2209017600000,0,1679267350064,
用户ID,昵称,性别,年龄,地区,注册时间,简介
8300817303,-不再道晚安,nv,1272643200000,0,1674137028406,
用户ID,昵称,性别,年龄,地区,注册时间,简介
8395779023,Love-xcy,nv,-2209017600000,0,-1,
用户ID,昵称,性别,年龄,地区,注册时间,简介
6421662649,princessRan_,nv,-2209017600000,0,-1,
用户ID,昵称,性别,年龄,地区,注册时间,简介
45897162,nini_Suj12,nv,-2209017600000,150000,1418652510973,
用户ID,昵称,性别,年龄,地区,注册时间,简介
8570702778,GJC城,nv,1212981095592,1000000,1684542701410,
用户ID,昵称,性别,年龄,地区,注册时间,简介
8520953606,小赵不爱说话_oVlT,nv,-2209017600000,220000,1682064331971,
用户ID,昵称,性别,年龄,地区,注册时间,简介
2100826993,晻気,nv,1651321602165,650000,1578156994781,
用户ID,昵称,性别,年龄,地区,注册时间,简介
4999705475,Paherden-_7,nv,-2209017600000,1000000,-1,
用户ID,昵称,性别,年龄,地区,注册时间,简介
1405222465,温Aokicc,nv,-2209017600000,0,1521570224040,
用户ID,昵称,性别,年龄,地区,注册时间,简介
7858258427,Pharaoh2205,nv,-2209017600000,610000,1652579208163,
用户ID,昵称,性别,年龄,地区,注册时间,简介
50465198,若汐酱-,nv,-2209017600000,370000,1421475764581,
用户ID,昵称,性别,年龄,地区,注册时间,简介
578583910,yourprettylittlehands,nv,1136822400000,420000,1503998027722,
用户ID,昵称,性别,年龄,地区,注册时间,简介
7937743656,大笑过特摄剧主题曲,nv,-2209017600000,0,1680866995590,
用户ID,昵称,性别,年龄,地区,注册时间,简介
6279097626,爱jiaye的余力文,nv,1305907200000,110000,1635034853181,
用户ID,昵称,性别,年龄,地区,注册时间,简介
7917079730,優秀不是嶼词窮,nv,1583077070512,320000,1656904239132,
用户ID,昵称,性别,年龄,地区,注册时间,简介
3916285891,俬肆,nv,-2209017600000,110000,1601463548351,
用户ID,昵称,性别,年龄,地区,注册时间,简介
8100387451,桃不苦w,nv,-2209017600000,210000,1667434440195,
用户ID,昵称,性别,年龄,地区,注册时间,简介
7944991377,冷冰冰的誓言_csTm,nv,1149693308207,440000,1657790705651,
用户ID,昵称,性别,年龄,地区,注册时间,简介
8567805428,小提琴研究哥特摇滚,nv,-2209017600000,0,1684370861886,
用户ID,昵称,性别,年龄,地区,注册时间,简介
292174587,菜鸟赖赖,nv,450720000000,330000,1466325462258,
用户ID,昵称,性别,年龄,地区,注册时间,简介
1504839845,原野新之猪0808,nv,-2209017600000,510000,1530287318592,
用户ID,昵称,性别,年龄,地区,注册时间,简介
8021538010,XIAO-_DH,nv,-2209017600000,370000,1662728432583,
用户ID,昵称,性别,年龄,地区,注册时间,简介
8534005737,深情也无爱,nv,1253161439345,0,1682741893052,
用户ID,昵称,性别,年龄,地区,注册时间,简介
8572676985,云村村民16846239534159,nv,-2209017600000,0,1684623953416,
用户ID,昵称,性别,年龄,地区,注册时间,简介
3298388535,erborcer,nv,1138922684795,130000,1587129733121,
用户ID,昵称,性别,年龄,地区,注册时间,简介
8552870450,化柒川,nv,1185379200000,510000,1683554504341,
用户ID,昵称,性别,年龄,地区,注册时间,简介
444989783,山岚_0000,nv,-2209017600000,0,-1,
用户ID,昵称,性别,年龄,地区,注册时间,简介
2091318939,严格严某人_C137-N52,nv,-2209017600000,320000,1577498852425,
用户ID,昵称,性别,年龄,地区,注册时间,简介
3885963879,Liy_0,nv,-2209017600000,420000,1607864864028,
用户ID,昵称,性别,年龄,地区,注册时间,简介
8289221463,想时代曲,nv,-2209017600000,0,1683802413992,
用户ID,昵称,性别,年龄,地区,注册时间,简介
357111313,露娜超可爱,nv,-2209017600000,440000,1478340172531,
用户ID,昵称,性别,年龄,地区,注册时间,简介
1861503641,XF0830,nv,-2209017600000,0,-1,
用户ID,昵称,性别,年龄,地区,注册时间,简介
8265583149,和货币,nv,-2209017600000,0,1673272315509,
用户ID,昵称,性别,年龄,地区,注册时间,简介
290095489,YANGHAOsss,nv,-2209017600000,0,-1,
用户ID,昵称,性别,年龄,地区,注册时间,简介
3386930987,黒竹,nv,1112630400000,330000,1593418433558,
用户ID,昵称,性别,年龄,地区,注册时间,简介
6457352566,云村村民16458848321308,nv,-2209017600000,650000,1645884835289,
用户ID,昵称,性别,年龄,地区,注册时间,简介
1974520542,云村用户6666666666666666666669,nv,941580194924,1000000,-1,
用户ID,昵称,性别,年龄,地区,注册时间,简介
326829181,夏_南熙,nv,-2209017600000,1000000,1478259953807,
用户ID,昵称,性别,年龄,地区,注册时间,简介
3864562502,陳路周周周周,nv,-2209017600000,440000,1663329744096,
用户ID,昵称,性别,年龄,地区,注册时间,简介
3921072971,gqgs2010,nv,631384674954,630000,1601661740608,
用户ID,昵称,性别,年龄,地区,注册时间,简介
504562520,4号刺猬,nv,1059148800000,0,1501691540760,
用户ID,昵称,性别,年龄,地区,注册时间,简介
8185076159,睡了原耽所有的受,nv,-2209017600000,0,1670992690550,
用户ID,昵称,性别,年龄,地区,注册时间,简介
629583924,一眼看到胃,nv,-2209017600000,0,-1,
用户ID,昵称,性别,年龄,地区,注册时间,简介
5204818138,淇淇淇淇淇淇淇淇淇子,nv,1139850279791,0,1633016262249,
用户ID,昵称,性别,年龄,地区,注册时间,简介
4012617369,他心似冰岛-1,nv,1258099200000,500000,1608348330774,
用户ID,昵称,性别,年龄,地区,注册时间,简介
5148032737,你干嘛老说我笨_,nv,-2209017600000,0,-1,
用户ID,昵称,性别,年龄,地区,注册时间,简介
128616752,今晚记得早睡啊,nv,954797291357,0,1453973702615,
用户ID,昵称,性别,年龄,地区,注册时间,简介
401694717,愛達或愛慾,nv,-2209017600000,0,1484465431155,
用户ID,昵称,性别,年龄,地区,注册时间,简介
528883494,嗯你又来了,nv,-2209017600000,420000,1498723534688,
用户ID,昵称,性别,年龄,地区,注册时间,简介
1871138720,王帅帅帅康,nv,1032071814981,410000,1594713725260,
用户ID,昵称,性别,年龄,地区,注册时间,简介
374084476,一个c栗子,nv,-2209017600000,0,-1,
用户ID,昵称,性别,年龄,地区,注册时间,简介
8557125025,去更远的地方dL,nv,-2209017600000,0,1683821206896,
用户ID,昵称,性别,年龄,地区,注册时间,简介
86246258,_洁哥_,nv,-2209017600000,0,1439653671319,
用户ID,昵称,性别,年龄,地区,注册时间,简介
1593930152,软助_,nv,-2209017600000,210000,1536517503777,
用户ID,昵称,性别,年龄,地区,注册时间,简介
254957744,颜帅吊大,nv,-2209017600000,0,1458236910817,
用户ID,昵称,性别,年龄,地区,注册时间,简介
4973663532,美女来了哈,nv,-2209017600000,0,-1,
用户ID,昵称,性别,年龄,地区,注册时间,简介
3394510032,冰冷的代码,nv,-2209017600000,0,-1,
用户ID,昵称,性别,年龄,地区,注册时间,简介
1364466962,-这个季节很干净-,nv,1037808000000,440000,1517989281747,
用户ID,昵称,性别,年龄,地区,注册时间,简介
3330948553,凱艺_-,nv,-2209017600000,450000,1589372048566,
用户ID,昵称,性别,年龄,地区,注册时间,简介
4990558260,少来搭理我--,nv,1195142400000,410000,1619756402017,
用户ID,昵称,性别,年龄,地区,注册时间,简介
8572675366,请記住愛吧,nv,-2209017600000,0,1684605667571,
用户ID,昵称,性别,年龄,地区,注册时间,简介
6423405532,Luuu_98,nv,-2209017600000,710000,1656401208931,
用户ID,昵称,性别,年龄,地区,注册时间,简介
1547531886,春山见晚-,nv,-2209017600000,0,1533726119792,
用户ID,昵称,性别,年龄,地区,注册时间,简介
431248087,koki宝宝_Jgzmgw,nv,1023897600000,1000000,1488539970849,
用户ID,昵称,性别,年龄,地区,注册时间,简介
271315494,邹邹没有心,nv,860860800000,310000,1461870740222,
用户ID,昵称,性别,年龄,地区,注册时间,简介
1810489970,森岛雾岭,nv,-2209017600000,110000,1564402450220,
用户ID,昵称,性别,年龄,地区,注册时间,简介
561585395,-Riem,nv,1002988800000,330000,1502151745804,
用户ID,昵称,性别,年龄,地区,注册时间,简介
1344908277,whip-it,nv,-2209017600000,0,1516247880825,
用户ID,昵称,性别,年龄,地区,注册时间,简介
3304277117,叫我树叶_,nv,1192746374726,130000,1587538998367,
用户ID,昵称,性别,年龄,地区,注册时间,简介
5127043624,嘻哈迷-,nv,-2209017600000,0,1628788405786,
用户ID,昵称,性别,年龄,地区,注册时间,简介
7809197890,春风徐来明月至,nv,-2209017600000,450000,1649772235685,
用户ID,昵称,性别,年龄,地区,注册时间,简介
8532153277,没碰过女孩子的手,nv,1211176786050,430000,1682671216575,
用户ID,昵称,性别,年龄,地区,注册时间,简介
6425414833,快快又慢慢224,nv,-2209017600000,0,-1,
用户ID,昵称,性别,年龄,地区,注册时间,简介
6456790039,爱睡大觉-7,nv,-2209017600000,0,1645860401638,
用户ID,昵称,性别,年龄,地区,注册时间,简介
5047425727,失眠-0413,nv,-2209017600000,0,-1,
用户ID,昵称,性别,年龄,地区,注册时间,简介
115059109,我喜欢gd_,nv,697046400000,130000,1462891104144,
用户ID,昵称,性别,年龄,地区,注册时间,简介
497650510,LIFE-Xx,nv,-2209017600000,630000,-1,
用户ID,昵称,性别,年龄,地区,注册时间,简介
3939304196,是侯不是候7,nv,-2209017600000,0,-1,
用户ID,昵称,性别,年龄,地区,注册时间,简介
1562581322,躲会儿,nv,-2209017600000,0,-1,
用户ID,昵称,性别,年龄,地区,注册时间,简介
8546813877,liutong_jhEz,nv,-2209017600000,410000,1683215410276,
用户ID,昵称,性别,年龄,地区,注册时间,简介
6298420444,烨是c,nv,-2209017600000,0,-1,
用户ID,昵称,性别,年龄,地区,注册时间,简介
7968625938,我說TL,nv,-2209017600000,0,1659521180000,
用户ID,昵称,性别,年龄,地区,注册时间,简介
7890333408,胖虎xq,nv,1192723200000,440000,1654436052076,
用户ID,昵称,性别,年龄,地区,注册时间,简介
7972624841,云村村民165945835868459,nv,-2209017600000,0,1659458362405,
用户ID,昵称,性别,年龄,地区,注册时间,简介
444537743,A小布丁123,nv,771384743000,0,-1,
用户ID,昵称,性别,年龄,地区,注册时间,简介
6339269420,爱如何讲述呀,nv,-2209017600000,440000,1638615698312,
用户ID,昵称,性别,年龄,地区,注册时间,简介
129034090,shadowsou1,nv,-2209017600000,0,-1,
用户ID,昵称,性别,年龄,地区,注册时间,简介
3856735280,del1024,nv,-2209017600000,330000,1662873886588,
用户ID,昵称,性别,年龄,地区,注册时间,简介
281010780,orangehehehe,nv,-2209017600000,0,-1,
用户ID,昵称,性别,年龄,地区,注册时间,简介
5175800964,737611111810189111117,nv,-2209017600000,0,-1,
用户ID,昵称,性别,年龄,地区,注册时间,简介
1762782971,以術以,nv,866044800000,1000000,1550116699442,
用户ID,昵称,性别,年龄,地区,注册时间,简介
5145974124,黑__mir,nv,-2209017600000,650000,1629344337512,
用户ID,昵称,性别,年龄,地区,注册时间,简介
388000631,iokp,nv,-2209017600000,360000,1482920560970,
用户ID,昵称,性别,年龄,地区,注册时间,简介
1745558335,是德ddd呀,nv,1126185293083,110000,1548554852703,
用户ID,昵称,性别,年龄,地区,注册时间,简介
8045366704,MD--念旋,nv,-2209017600000,0,1664287765537,
用户ID,昵称,性别,年龄,地区,注册时间,简介
562008087,小爱请停止胡思乱想,nv,1120458110558,210000,1530624082959,
用户ID,昵称,性别,年龄,地区,注册时间,简介
4942387861,等雨停了再见面,nv,-2209017600000,0,-1,
用户ID,昵称,性别,年龄,地区,注册时间,简介
5008911920,小Y1111111Y,nv,-2209017600000,0,-1,
用户ID,昵称,性别,年龄,地区,注册时间,简介
3222542569,用户3222542569,nv,-2209017600000,650000,1581841344172,
用户ID,昵称,性别,年龄,地区,注册时间,简介
514539060,燃7I,nv,-2209017600000,370000,1500133685565,
用户ID,昵称,性别,年龄,地区,注册时间,简介
3949473177,-荔枝支支,nv,-2209017600000,1000000,1610176387112,
用户ID,昵称,性别,年龄,地区,注册时间,简介
5154590435,洛幽荷,nv,-2209017600000,0,1631276068380,
用户ID,昵称,性别,年龄,地区,注册时间,简介
571910632,sqbw,nv,-2209017600000,350000,1503308104432,
用户ID,昵称,性别,年龄,地区,注册时间,简介
6316874577,梁大智_,nv,-2209017600000,0,1637313420173,
用户ID,昵称,性别,年龄,地区,注册时间,简介
111286235,h7k9f6wa9y,nv,-2209017600000,0,-1,
用户ID,昵称,性别,年龄,地区,注册时间,简介
1883794974,用户1883794974,nv,-2209017600000,440000,-1,
用户ID,昵称,性别,年龄,地区,注册时间,简介
1530309842,山中慕有兮,nv,-2209017600000,440000,1532366136281,
用户ID,昵称,性别,年龄,地区,注册时间,简介
1491369671,_De-javu_,nv,-2209017600000,0,-1,
用户ID,昵称,性别,年龄,地区,注册时间,简介
264669859,Lv-honglin,nv,-2209017600000,0,1468864992264,
用户ID,昵称,性别,年龄,地区,注册时间,简介
3856260945,不emo啦-_,nv,1206042223054,340000,1618755032425,
用户ID,昵称,性别,年龄,地区,注册时间,简介
1421107438,zgg0vo,nv,1094659200000,440000,1522942334678,
用户ID,昵称,性别,年龄,地区,注册时间,简介
495571199,美女用户Uu_,nv,-2209017600000,340000,1496042886682,
用户ID,昵称,性别,年龄,地区,注册时间,简介
7811607386,菱域菱,nv,-2209017600000,0,1649994091167,
用户ID,昵称,性别,年龄,地区,注册时间,简介
5025855394,kittyY小昕,nv,1125936792020,530000,1622257943529,
用户ID,昵称,性别,年龄,地区,注册时间,简介
8572505988,轩楞,nv,1163607505235,430000,1684599328582,
用户ID,昵称,性别,年龄,地区,注册时间,简介
1386708744,好久不见你啦_,nv,1546326886416,370000,1521266575969,
用户ID,昵称,性别,年龄,地区,注册时间,简介
1782770714,王奕朦,nv,1001510219000,410000,1551705238474,
用户ID,昵称,性别,年龄,地区,注册时间,简介
250439957,-Stzzz,nv,-2209017600000,0,1457758611950,
用户ID,昵称,性别,年龄,地区,注册时间,简介
597121623,Jay_YYAY,nv,-2209017600000,0,1505911666359,
用户ID,昵称,性别,年龄,地区,注册时间,简介
1714598945,老啊姨y,nv,-2209017600000,410000,1545734342969,
用户ID,昵称,性别,年龄,地区,注册时间,简介
1544634411,wszdda,nv,-2209017600000,0,1533481548463,
用户ID,昵称,性别,年龄,地区,注册时间,简介
8461408633,汉堡宝贝__,nv,-2209017600000,1000000,1679230514743,
用户ID,昵称,性别,年龄,地区,注册时间,简介
475943365,小林永远开心,nv,-2209017600000,0,-1,
用户ID,昵称,性别,年龄,地区,注册时间,简介
1334303127,劫涩,nv,-2209017600000,510000,1515256802880,
用户ID,昵称,性别,年龄,地区,注册时间,简介
115945385,睇嘰眼,nv,631123200000,440000,1450795922235,
用户ID,昵称,性别,年龄,地区,注册时间,简介
4033622826,語許你,nv,-2209017600000,0,1609841483301,
用户ID,昵称,性别,年龄,地区,注册时间,简介
253670275,米妮7,nv,1255183920269,0,1458005068665,
用户ID,昵称,性别,年龄,地区,注册时间,简介
1434761785,Nefelibata_09,nv,-2209017600000,0,-1,
用户ID,昵称,性别,年龄,地区,注册时间,简介
1288876758,F171,nv,-2209017600000,0,1510924162232,
用户ID,昵称,性别,年龄,地区,注册时间,简介
1889028978,王富贵fg-,nv,1106844365000,410000,1565489606194,
用户ID,昵称,性别,年龄,地区,注册时间,简介
1774480548,胭酣,nv,-2209017600000,0,1596575151849,
用户ID,昵称,性别,年龄,地区,注册时间,简介
416851508,Big梦想家,nv,819561600000,350000,1486477708023,
用户ID,昵称,性别,年龄,地区,注册时间,简介
367942507,Halo秋刀鱼,nv,-2209017600000,330000,1480085596848,
用户ID,昵称,性别,年龄,地区,注册时间,简介
3854870392,蜡笔刘小树,nv,1025193600000,120000,1597914986911,
用户ID,昵称,性别,年龄,地区,注册时间,简介
8570981253,智能8G_喵,nv,1047743405483,510000,-1,
用户ID,昵称,性别,年龄,地区,注册时间,简介
506983896,支颐听秋水问蜉蝣0517,nv,-2209017600000,0,1502191607345,
用户ID,昵称,性别,年龄,地区,注册时间,简介
1433037190,糖宝_ySSe,nv,-2209017600000,0,1524045625874,
用户ID,昵称,性别,年龄,地区,注册时间,简介
3409446660,Bella-scj,nv,1240057934147,330000,1594564232826,
用户ID,昵称,性别,年龄,地区,注册时间,简介
8438718580,云村村民168166225185652,nv,-2209017600000,0,1681662254631,
用户ID,昵称,性别,年龄,地区,注册时间,简介
4051955684,Negative-10,nv,1222770668658,140000,-1,
用户ID,昵称,性别,年龄,地区,注册时间,简介
1928591841,亿一九,nv,868366838151,320000,1564749128138,
用户ID,昵称,性别,年龄,地区,注册时间,简介
1301982452,AHHXInYe,nv,-2209017600000,0,-1,
用户ID,昵称,性别,年龄,地区,注册时间,简介
3924018946,爱听的歌都在这里,nv,-2209017600000,1000000,-1,
用户ID,昵称,性别,年龄,地区,注册时间,简介
346524559,一只爱听歌的野猫,nv,-2209017600000,330000,1476544396187,
用户ID,昵称,性别,年龄,地区,注册时间,简介
3221496952,1小圈,nv,-2209017600000,0,-1,
用户ID,昵称,性别,年龄,地区,注册时间,简介
1750508781,小e不睡觉,nv,1095004800000,410000,1548939244933,
用户ID,昵称,性别,年龄,地区,注册时间,简介
288403316,二十五赫兹g,nv,-2209017600000,650000,1465489328480,
用户ID,昵称,性别,年龄,地区,注册时间,简介
529298299,会上岸的鸭_,nv,986918400000,110000,1498758297450,
用户ID,昵称,性别,年龄,地区,注册时间,简介
1587369931,鬼涉千面,nv,-2209017600000,0,-1,
用户ID,昵称,性别,年龄,地区,注册时间,简介
1478441666,白犬3,nv,971280000000,1000000,1528189145752,
用户ID,昵称,性别,年龄,地区,注册时间,简介
1547666648,琐碎清,nv,-2209017600000,0,-1,
用户ID,昵称,性别,年龄,地区,注册时间,简介
1381305005,京許九夏,nv,-2209017600000,0,-1,
用户ID,昵称,性别,年龄,地区,注册时间,简介
8131285892,愛意因妳止,nv,1279728000000,1000000,1669467368172,
用户ID,昵称,性别,年龄,地区,注册时间,简介
473329066,有戏__xxx,nv,1038931200000,630000,1493036181358,
用户ID,昵称,性别,年龄,地区,注册时间,简介
8104729881,7魚_7,nv,-2209017600000,360000,1667628134423,
用户ID,昵称,性别,年龄,地区,注册时间,简介
272079712,嘿嘿酥莱曼,nv,958779296000,440000,1462028861853,
用户ID,昵称,性别,年龄,地区,注册时间,简介
276240288,凉人迟暮,nv,721411200000,430000,1462958350805,
用户ID,昵称,性别,年龄,地区,注册时间,简介
1469742179,何美丽101,nv,1640966400000,1000000,1527413824782,
用户ID,昵称,性别,年龄,地区,注册时间,简介
6399998434,Mroie,nv,-2209017600000,440000,1642657424450,
用户ID,昵称,性别,年龄,地区,注册时间,简介
550277218,不善言辞的陈某,nv,1043856000000,410000,1501214379137,
用户ID,昵称,性别,年龄,地区,注册时间,简介
5217421958,zulpiya220404,nv,1684612362567,650000,1649083991963,
用户ID,昵称,性别,年龄,地区,注册时间,简介
1741082360,这学期很短,nv,1177776000000,500000,1548237478662,
用户ID,昵称,性别,年龄,地区,注册时间,简介
1950448352,饭QwQ,nv,-2209017600000,0,1566096357389,
用户ID,昵称,性别,年龄,地区,注册时间,简介
537514714,小姐请问有半岛铁盒么,nv,-2209017600000,330000,1499595662159,
用户ID,昵称,性别,年龄,地区,注册时间,简介
8062852358,阿宸KUX,nv,1136304000000,150000,1666434126595,
用户ID,昵称,性别,年龄,地区,注册时间,简介
8572528419,云村村民168459620033674,nv,-2209017600000,0,1684596205269,
用户ID,昵称,性别,年龄,地区,注册时间,简介
2046080419,小龙_tALI,nv,-2209017600000,500000,1574050404519,
用户ID,昵称,性别,年龄,地区,注册时间,简介
308287185,导演吴宇森,nv,961084800000,1000000,1470812193506,
用户ID,昵称,性别,年龄,地区,注册时间,简介
6421932504,DMC-RF,nv,-2209017600000,0,-1,
用户ID,昵称,性别,年龄,地区,注册时间,简介
77777599,随风2307,nv,390848618034,330000,1435713983944,
用户ID,昵称,性别,年龄,地区,注册时间,简介
4978123927,纯碱不是碱qwq,nv,-2209017600000,340000,1618749655285,
用户ID,昵称,性别,年龄,地区,注册时间,简介
1384107231,淮暱,nv,1095696000000,360000,1519724071448,
用户ID,昵称,性别,年龄,地区,注册时间,简介
5087893591,你去哪里带我一个,nv,1249032384610,440000,1626242942142,
用户ID,昵称,性别,年龄,地区,注册时间,简介
1672878154,Hoep_Nov27,nv,-2209017600000,0,-1,
用户ID,昵称,性别,年龄,地区,注册时间,简介
294992098,嫒迪辣,nv,-2209017600000,0,-1,
用户ID,昵称,性别,年龄,地区,注册时间,简介
3218429594,小liu在线吃瓜,nv,-2209017600000,0,-1,
用户ID,昵称,性别,年龄,地区,注册时间,简介
79820998,嫩姜鸭丝盖饭,nv,-2209017600000,0,-1,
用户ID,昵称,性别,年龄,地区,注册时间,简介
3335994629,鸡你不美wryyyy,nv,1130981056552,320000,1589713155610,
用户ID,昵称,性别,年龄,地区,注册时间,简介
1460026118,IKUN_小智,nv,1143365307000,320000,1526559240394,
用户ID,昵称,性别,年龄,地区,注册时间,简介
35391969,szulbx,nv,718646400000,440000,1410872986124,
用户ID,昵称,性别,年龄,地区,注册时间,简介
293406130,-MK00,nv,-2209017600000,0,-1,
用户ID,昵称,性别,年龄,地区,注册时间,简介
7910970013,凌顶众小,nv,-2209017600000,440000,1655704115861,
用户ID,昵称,性别,年龄,地区,注册时间,简介
28584607,缨毛,nv,-2209017600000,0,-1,
用户ID,昵称,性别,年龄,地区,注册时间,简介
8408037699,抑名惊人,nv,1237478400000,110000,1677076796857,
用户ID,昵称,性别,年龄,地区,注册时间,简介
6428323689,你干嘛_KKLM,nv,-2209017600000,0,-1,
用户ID,昵称,性别,年龄,地区,注册时间,简介
7929339195,咪咪叫小七,nv,1291897519180,440000,1656837681393,
用户ID,昵称,性别,年龄,地区,注册时间,简介
578093528,babyxys,nv,-2209017600000,0,1503934227163,
用户ID,昵称,性别,年龄,地区,注册时间,简介
246689571,刘营营y,nv,998451048161,220000,1456393645057,
用户ID,昵称,性别,年龄,地区,注册时间,简介
7908786579,背书包的小狗7,nv,-2209017600000,0,1682914628351,
用户ID,昵称,性别,年龄,地区,注册时间,简介
1354518306,钱从六面八方来,nv,-2209017600000,0,-1,
用户ID,昵称,性别,年龄,地区,注册时间,简介
1771904900,Reykjavik88,nv,-2209017600000,0,-1,
用户ID,昵称,性别,年龄,地区,注册时间,简介
8154118988,夏韵婷听t,nv,-2209017600000,360000,1669884067482,
用户ID,昵称,性别,年龄,地区,注册时间,简介
5143232350,Scarborough-Dantes,nv,1174838400000,1000000,1654995388882,
用户ID,昵称,性别,年龄,地区,注册时间,简介
8319202910,JiekTan,nv,1199193608490,430000,1674552141043,
用户ID,昵称,性别,年龄,地区,注册时间,简介
3414298366,迪J老师DJ林子杰,nv,1204041600000,0,-1,
用户ID,昵称,性别,年龄,地区,注册时间,简介
8310686142,第181秒_Estrella,nv,1181662598141,340000,1674385253949,
用户ID,昵称,性别,年龄,地区,注册时间,简介
2030274231,liaokaiqi,nv,-2209017600000,0,-1,
用户ID,昵称,性别,年龄,地区,注册时间,简介
8525700268,澈一橙橙,nv,-2209017600000,0,-1,
用户ID,昵称,性别,年龄,地区,注册时间,简介
6395506345,大鸡腿ff,nv,-2209017600000,1000000,-1,
用户ID,昵称,性别,年龄,地区,注册时间,简介
5212515428,若干问问,nv,1116518400000,440000,1633412100168,
用户ID,昵称,性别,年龄,地区,注册时间,简介
88969244,我是个大帅孩儿,nv,-2209017600000,0,1440859396159,
用户ID,昵称,性别,年龄,地区,注册时间,简介
8081619043,终究落入凡尘,nv,-2209017600000,510000,1666433971712,
用户ID,昵称,性别,年龄,地区,注册时间,简介
1605438022,乐观霉,nv,1162962464609,610000,1537525484231,
用户ID,昵称,性别,年龄,地区,注册时间,简介
90144142,七秒的记忆-min,nv,-2209017600000,0,-1,
用户ID,昵称,性别,年龄,地区,注册时间,简介
1529098206,Guxk,nv,-2209017600000,0,-1,
用户ID,昵称,性别,年龄,地区,注册时间,简介
248952132,J先生_呐,nv,957283200000,510000,1456932943511,
用户ID,昵称,性别,年龄,地区,注册时间,简介
6378486262,Angel_O9I2,nv,1088953075499,650000,1664712561687,
用户ID,昵称,性别,年龄,地区,注册时间,简介
8565875455,没有傲慢,nv,-2209017600000,0,-1,
用户ID,昵称,性别,年龄,地区,注册时间,简介
5055558337,用户5055558337,nv,-2209017600000,320000,1640949787165,
用户ID,昵称,性别,年龄,地区,注册时间,简介
5027131124,Tibetan_d,nv,1112636248874,510000,1622329146221,
用户ID,昵称,性别,年龄,地区,注册时间,简介
1572697428,纯帅小学生,nv,-2209017600000,0,-1,
用户ID,昵称,性别,年龄,地区,注册时间,简介
8219784629,-tan-,nv,1279027910481,0,1672100083282,
用户ID,昵称,性别,年龄,地区,注册时间,简介
8533437229,7Camellias,nv,-2209017600000,0,1682727904747,
用户ID,昵称,性别,年龄,地区,注册时间,简介
4894160649,衫余-,nv,-2209017600000,410000,1613122946425,
用户ID,昵称,性别,年龄,地区,注册时间,简介
8380798601,苕泥,nv,-623232000000,1000000,1676106107072,
用户ID,昵称,性别,年龄,地区,注册时间,简介
80073076,Yoongurt,nv,916953684577,430000,1436805504689,
用户ID,昵称,性别,年龄,地区,注册时间,简介
1880395033,常青树Zz_,nv,-2209017600000,0,1560344779029,
用户ID,昵称,性别,年龄,地区,注册时间,简介
8542367555,没有意思的小孩,nv,1128873600000,310000,1683012422817,
用户ID,昵称,性别,年龄,地区,注册时间,简介
8572338839,云村村民168459205865536,nv,-2209017600000,0,1684592096873,
用户ID,昵称,性别,年龄,地区,注册时间,简介
613145757,痴情达尔文,nv,-2209017600000,0,-1,
用户ID,昵称,性别,年龄,地区,注册时间,简介
1480900860,L-锦年,nv,-2209017600000,360000,1528393016788,
用户ID,昵称,性别,年龄,地区,注册时间,简介
1879750191,后来故事变了,nv,1078069504000,1000000,1560270545444,
用户ID,昵称,性别,年龄,地区,注册时间,简介
4952474647,HushL_,nv,-2209017600000,0,-1,
