昵称,用户ID
圆号宣传军乐队,8561321139
闪现_ExdB,476022006
小少年1127,8128676215
sleeptightofmy-__,331289888
挖掘机-007,1379042884
风吹裤衩凉飕飕i,505615050
下次就有经验了,124077047
自西卡,5181089393
森格尔音乐之家,4992522765
随便_i7h3,8538229132
伤心宝宝雪o,2076392535
真的是脏渔歌,1926799104
周杰伦真粉,7964946636
失落总会消散,3374707405
一切皆天意y,3988734187
洋洋同学ll,305041447
王延允,1333467444
你说的那些还算吗,3413092787
灵的犀,302426691
CvemiY9_teiv,1599174616
又饿了大王--,571797697
月下繚亂KK,6272095206
悲伤辣椒炒肉丝,1375338277
江沉晚吟时-A,8573531698
mmmmppo_,3919820889
阿研_LL,402142438
Morantes,642483326
海棠a--,8349362079
不再堕落_Uxhk,7980211419
晶晶蓝,76325095
又萌又帅的阿莹,472524334
执念5439,4900909503
小果波波冰,1780180302
执笔描轻纱,1686409851
世界第一miku酱TNT,286785339
G-964,340774029
糖水泡露露,4889966663
七零麟,6440962982
ilovesick,1660321986
桂花香_7307,8573419023
云村村民166704934564917,8092991032
disappear31,3411960264
难忘前任,8573245758
Xlliott_c,45455727
humor00-,6481863398
灰眠夜,8570598860
puhaotian,299500018
W9222,8214745424
沉鱼不等落雁,2081310455
北冥有you,1719927842
_落日餘暉,8572011757
邹邹zo,4876607946
HYPING_,1365438149
陈醋腌吸酱,8380628998
晚霞与梦幻,8181952664
深夜听歌的梦,1455569098
08ncser,1504594454
爱的很古典,92832086
eexclusivee,5063718439
DoyourSailorMoon,1389520035
otkax003,425444599
郭彦汐1808,1446057045
薄荷与糖糖_,6468043277
问薪吾溃啊,6351516433
限量浪漫-,4033514805
smile3024,3253735490
BRUISE潘岩,291598086
伴你至永久,277862035
小狗也会shy,8464948012
w雾jing,7912343696
-----Banana,376964910
一只土苟,3576471875
一只米花怪兽,1837871666
一份烧烤谢谢,8340888788
三分钟入睡-_-,6376264166
名字九个字-不信你数,1338715670
有杀气呀,613704282
云村村民167966453616221,8469558892
t1ngklieoptinncye,3944590009
我的运气每天上上签,352832785
云村村民168110078325876,8498709566
在不在不在_wkKT,3357882606
应急食物派蒙,3587617923
一点_OXwA,1674587293
Mrkeveninhere,1943839215
无名者0413,7804162982
马SADO,279755049
旁观者0p,1629887606
听海_的_呼唤,8571895009
迟迟不想动,125274563
予墨息耒,131069647
上品竹网银鱼,89654459
ForForever-Aning,3366503721
云村村民166800816321010,8113396823
墨屿_Dysx,1772587985
沈佳云_,8537820592
liluum,294570480
夏草_,106915547
易束花开始,3369095429
讨厌香菜__AuUG,5068475016
上品竹网银鱼,89654459
ForForever-Aning,3366503721
云村村民166800816321010,8113396823
墨屿_Dysx,1772587985
沈佳云_,8537820592
liluum,294570480
夏草_,106915547
易束花开始,3369095429
讨厌香菜__AuUG,5068475016
Bakbelgan,2105469738
星辰风之子,7871030239
赖弟lady,629185064
xt_kinky7,7817385071
八重寂子,8573220111
环族也,8433642005
q木辛,8440241762
无名_年龄随便填,8125565606
爱吃皮不吐葡萄,5161340545
Catnap1,512746916
杨美杰_,8445677047
7rhh,1759042170
薏佳,117086515
FanZi_808,1377149395
zhichiiin,8573170320
欣灵电气_XF,8078386599
charliepuxi,8501283316
Abigailzy2201,1706025049
a萨拉木y,3273856375
SARAHYIXUAN,415995437
好想插嘴,136440899
鱼唐_3NWv,7899386372
1不困7,1666980570
陈浅凡,7965066064
虚晃同学,501567925
不知名毛囊,1735012649
翻斗花渊,8560325741
叫我小卷-,444773146
北巷_NAfe,1854465335
伱的凯,8129702163
张扬洛晨,262609512
云村村民165652057335073,7923842699
勉Zz,1754846378
觉啓,91631517
海棠烛htz,8222853278
拖延症的西瓜,84844071
T1Hh,363076354
aaaaa煎饼狗子,8397895888
启星y,6290516446
TheFifthSpring,7943892525
用户7883708132,7883708132
韶关有无嗯1,1467009034
人尔_女子_,8098053174
Kiss优优嘛,8105635470
LX-所念皆星河,505931063
Jay-魔杰-wyf,5140572089
Q-Love_you_forever,7797831397
栖迟_ta,8537855717
心有连江,8539282915
EX川遇,8533730117
Misty_Isle,1542629926
倩倩877642055,8572829022
無愛_fan,4920327930
是白来啊,6272569880
海_TQH,6386867823
用户6370684288,6370684288
MsCCzzzzz,42682052
EKenjoy,2134347192
本宇宙最牛超级无敌究极升天绣虎,6349568652
失联人口-,3266658610
情寂廖,1847680688
牙痛滚出地球,3250822622
MAWLAX,252488407
Sister_eycd,8168241197
嘿嘿_CzAN,8534598968
再无热晴,3974446508
三玖芡七,8427757582
智商欠费不死也废啊,8549528087
LOSIM,45156709
云村村民165357690327354,7874898757
lq0x0pl,8534927393
烬明zmc,8573052895
iYHYS,1339406542
深情521号,7922596101
逢别久识,3393507710
生活有惊有喜,3236407637
呈沉-,329234630
两弎千,505432782
云村村民167422211749336,8304314554
持温柔寻枪,8043982486
-雨_停_了-,8182720126
依法止痛,8558834310
无爱谢_谢,8540027763
云村村民165952578441894,3229753093
再眯5分钟_,625111702
A-377,1840416952
王梓铭_WZM,2071557471
兰-亭-序,6376002252
云村村民16846366833932,1770807624
坤坤不想吃香菜,565484780
中二癌w,3382935947
中二癌w,3382935947
用户7813278262,7813278262
miraitowa--life,585397702
1uvkkovo,7930482482
00QEls,7799589705
-短发妹妹,325828417
提总_Music,6391354159
ReXiDan-106,5144634526
我亲爱的医生,1576898130
JY灬雪,6296943319
AKAWF悍匪0051,7977556680
由由0,61877390
小菜包_fly,5037908858
用户8103005795,8103005795
海浪不加冰,8572784178
Strelitzia_H,486130906
不留情-632,3870176779
八八男,285180685
巫123679罗,4871785906
羊-光-开-浪-打-难-海,8016334251
fikc森晚,8533683746
纯爱战士钱少Lp-a,8544541095
胡渣大叔-呢,1442612655
小小欣_rose,8483588559
t1839,8499445154
Evewaa,119628235
再且无人恰似我,6376858550
初夏chuxiaaaaaaaaaaaaaaaaa,8410007821
拥护这秘密,5139655413
奶茶涨价,6352623528
一只小可妮兔,417575214
琳温柔啊,1683003302
云村村民168463473380151,3884818787
极盗dzjx,1612731157
fzh31,8572832736
若月秋枫,8572860919
难忘掉那年的初雪,6377566961
再也不喜欢林宥嘉了,274864480
灯泡_wLtI,7965369170
比安卡--幽兰黛尔,8487312380
怒放_tWFi,7963996681
用户1648521417,1648521417
阿雾的彩色幻想,316457405
王王王王继烨,3386762570
夏天徳风,8572866735
g是个萌新,5208363508
橙子211015,6269763063
李niuniu牛,558776208
以泪起笔碎情之歌,8545431913
-Nitrate-,1399128314
料峭--,555294884
是肖弟弟啊,6348224789
用户7855154777,7855154777
阿毓_嗷,568903359
榨榨辉爱下蛋,2113279212
爱偷懒的小蛙,590995414
eric951020,6279313249
Badlovski_Jack,7808749647
冰也没她冷,5119964146
吃菠萝的驴,8219125763
artist_ciUZ,3216559810
夏至梦梦,7864408963
乙型病棟Ver200,262150234
早安_loveyourlife,1359353255
高温暖,267038226
熊铭硕,578338723
卧蚕_叔叔,254920632
借个火点首歌,68246890
我这有话梅,5143946252
北昱枫柠,7979078328
不眠水星记_qizF,1429436124
InvincibleCreator,497251175
难叙离别_L,8125620684
莹莹想你啦_,496256453
小香宝_,18126814
幻听_UMXH,8061698210
云村村民16792673415297,8461812197
-不再道晚安,8300817303
Love-xcy,8395779023
princessRan_,6421662649
nini_Suj12,45897162
GJC城,8570702778
小赵不爱说话_oVlT,8520953606
晻気,2100826993
Paherden-_7,4999705475
温Aokicc,1405222465
Pharaoh2205,7858258427
若汐酱-,50465198
yourprettylittlehands,578583910
大笑过特摄剧主题曲,7937743656
爱jiaye的余力文,6279097626
優秀不是嶼词窮,7917079730
俬肆,3916285891
桃不苦w,8100387451
冷冰冰的誓言_csTm,7944991377
小提琴研究哥特摇滚,8567805428
菜鸟赖赖,292174587
原野新之猪0808,1504839845
XIAO-_DH,8021538010
深情也无爱,8534005737
云村村民16846239534159,8572676985
erborcer,3298388535
化柒川,8552870450
山岚_0000,444989783
严格严某人_C137-N52,2091318939
Liy_0,3885963879
想时代曲,8289221463
露娜超可爱,357111313
XF0830,1861503641
和货币,8265583149
YANGHAOsss,290095489
黒竹,3386930987
云村村民16458848321308,6457352566
云村用户6666666666666666666669,1974520542
夏_南熙,326829181
陳路周周周周,3864562502
gqgs2010,3921072971
4号刺猬,504562520
睡了原耽所有的受,8185076159
一眼看到胃,629583924
淇淇淇淇淇淇淇淇淇子,5204818138
他心似冰岛-1,4012617369
你干嘛老说我笨_,5148032737
今晚记得早睡啊,128616752
愛達或愛慾,401694717
嗯你又来了,528883494
王帅帅帅康,1871138720
一个c栗子,374084476
去更远的地方dL,8557125025
_洁哥_,86246258
软助_,1593930152
颜帅吊大,254957744
美女来了哈,4973663532
冰冷的代码,3394510032
-这个季节很干净-,1364466962
凱艺_-,3330948553
少来搭理我--,4990558260
请記住愛吧,8572675366
Luuu_98,6423405532
春山见晚-,1547531886
koki宝宝_Jgzmgw,431248087
邹邹没有心,271315494
森岛雾岭,1810489970
-Riem,561585395
whip-it,1344908277
叫我树叶_,3304277117
嘻哈迷-,5127043624
春风徐来明月至,7809197890
没碰过女孩子的手,8532153277
快快又慢慢224,6425414833
爱睡大觉-7,6456790039
失眠-0413,5047425727
我喜欢gd_,115059109
LIFE-Xx,497650510
是侯不是候7,3939304196
躲会儿,1562581322
liutong_jhEz,8546813877
烨是c,6298420444
我說TL,7968625938
胖虎xq,7890333408
云村村民165945835868459,7972624841
A小布丁123,444537743
爱如何讲述呀,6339269420
shadowsou1,129034090
del1024,3856735280
orangehehehe,281010780
737611111810189111117,5175800964
以術以,1762782971
黑__mir,5145974124
iokp,388000631
是德ddd呀,1745558335
MD--念旋,8045366704
小爱请停止胡思乱想,562008087
等雨停了再见面,4942387861
小Y1111111Y,5008911920
用户3222542569,3222542569
燃7I,514539060
-荔枝支支,3949473177
洛幽荷,5154590435
sqbw,571910632
梁大智_,6316874577
h7k9f6wa9y,111286235
用户1883794974,1883794974
山中慕有兮,1530309842
_De-javu_,1491369671
Lv-honglin,264669859
不emo啦-_,3856260945
zgg0vo,1421107438
美女用户Uu_,495571199
菱域菱,7811607386
kittyY小昕,5025855394
轩楞,8572505988
好久不见你啦_,1386708744
王奕朦,1782770714
-Stzzz,250439957
Jay_YYAY,597121623
老啊姨y,1714598945
wszdda,1544634411
汉堡宝贝__,8461408633
小林永远开心,475943365
劫涩,1334303127
睇嘰眼,115945385
語許你,4033622826
米妮7,253670275
Nefelibata_09,1434761785
F171,1288876758
王富贵fg-,1889028978
胭酣,1774480548
Big梦想家,416851508
Halo秋刀鱼,367942507
蜡笔刘小树,3854870392
智能8G_喵,8570981253
支颐听秋水问蜉蝣0517,506983896
糖宝_ySSe,1433037190
Bella-scj,3409446660
云村村民168166225185652,8438718580
Negative-10,4051955684
亿一九,1928591841
AHHXInYe,1301982452
爱听的歌都在这里,3924018946
一只爱听歌的野猫,346524559
1小圈,3221496952
小e不睡觉,1750508781
二十五赫兹g,288403316
会上岸的鸭_,529298299
鬼涉千面,1587369931
白犬3,1478441666
琐碎清,1547666648
京許九夏,1381305005
愛意因妳止,8131285892
有戏__xxx,473329066
7魚_7,8104729881
嘿嘿酥莱曼,272079712
凉人迟暮,276240288
何美丽101,1469742179
Mroie,6399998434
不善言辞的陈某,550277218
zulpiya220404,5217421958
这学期很短,1741082360
饭QwQ,1950448352
小姐请问有半岛铁盒么,537514714
阿宸KUX,8062852358
云村村民168459620033674,8572528419
小龙_tALI,2046080419
导演吴宇森,308287185
DMC-RF,6421932504
随风2307,77777599
纯碱不是碱qwq,4978123927
淮暱,1384107231
你去哪里带我一个,5087893591
Hoep_Nov27,1672878154
嫒迪辣,294992098
小liu在线吃瓜,3218429594
嫩姜鸭丝盖饭,79820998
鸡你不美wryyyy,3335994629
IKUN_小智,1460026118
szulbx,35391969
-MK00,293406130
凌顶众小,7910970013
缨毛,28584607
抑名惊人,8408037699
你干嘛_KKLM,6428323689
咪咪叫小七,7929339195
babyxys,578093528
刘营营y,246689571
背书包的小狗7,7908786579
钱从六面八方来,1354518306
Reykjavik88,1771904900
夏韵婷听t,8154118988
Scarborough-Dantes,5143232350
JiekTan,8319202910
迪J老师DJ林子杰,3414298366
第181秒_Estrella,8310686142
liaokaiqi,2030274231
澈一橙橙,8525700268
大鸡腿ff,6395506345
若干问问,5212515428
我是个大帅孩儿,88969244
终究落入凡尘,8081619043
乐观霉,1605438022
七秒的记忆-min,90144142
Guxk,1529098206
J先生_呐,248952132
Angel_O9I2,6378486262
没有傲慢,8565875455
用户5055558337,5055558337
Tibetan_d,5027131124
纯帅小学生,1572697428
-tan-,8219784629
7Camellias,8533437229
衫余-,4894160649
苕泥,8380798601
Yoongurt,80073076
常青树Zz_,1880395033
没有意思的小孩,8542367555
云村村民168459205865536,8572338839
痴情达尔文,613145757
L-锦年,1480900860
后来故事变了,1879750191
HushL_,4952474647
